001,Lexine Crone
006,Aile McVrone
007,Muire Matias
008,Polly Cadney
013,Martita Batham
014,Tammie Laurenson
015,Veradis Kornacki
019,Shanon McGow
020,Chickie Das
023,Dolores Petruszka
027,El Spraging
028,Banky Sweetlove
032,Iver Baxandall
035,Garrott Alliot
037,Bartlett Byrth
040,Donnajean Vedenichev
042,Leila Blandamere
046,Goldia Manifould
051,Brigitta Mattioli
052,Renell Maidlow
054,Johny Eadie
055,Barrie Patria
056,Eartha Chalk
057,De witt Robarts
059,Leesa Erington
062,Cathrin Zimmer
071,Chevalier Manley
073,Torrance Brabon
080,Joseph Ralling
084,Justine Dowall
086,Oswald Donwell
088,Eddy Wolton
094,Pietra Hardinge
096,Bunni Dee
099,Marinna Kiossel
100,Ashien Carme
103,Zebulon Dilke
108,Ronda Shadfourth
112,Jenifer Lonergan
112,Skippy Cranshaw
113,Cacilie Hungerford
115,Tobye Epdell
118,Hazel MacBain
124,Alena Ishchenko
128,Brand Smethurst
132,Bari Millthorpe
134,Aurlie Laffoley-Lane
134,Decca Kovnot
141,Alvin Kemster
141,Kipper Halwill
142,Emery Rubke
143,Konstance Reyna
144,Tabbitha Morgen
149,Latashia de la Valette Parisot
150,Frederich Whysall
151,Edan Pallis
153,Anabal McGriele
153,Kerianne Stranahan
159,Woodrow Cowles
161,Carmine Harsum
163,Rhianna Bosket
164,Fred Gartery
166,Pen Hardwell
167,Licha Leary
169,Westleigh Kem
171,Gilda Cristea
176,Elena Kopfer
176,Miller Baynard
177,Weidar Filkin
181,Allister Ginley
183,Adele Watson
186,Aarika McLafferty
188,Etienne Hazelton
200,Ines Randlesome
201,Murial McQuilty
210,Jaynell Pedri
218,Hilary Rude
220,Biddie Crannach
224,Cortie Skalls
226,Abeu Joicey
233,Mannie Mitchel
236,Whitby Halling
237,Sheffy Billam
242,Nadine Kilmurray
256,Raimundo Guiu
257,Temp Bozward
260,Andree Mingus
260,Maryellen O'Malley
261,Sue Davitti
262,Graham Brass
262,Helga Arlett
268,Derwin McKernan
268,Caroljean Castanho
273,Alberto Jakovijevic
273,Stirling St Ange
275,Uriah Sturt
278,Wolfy Prisk
280,Mollie Dugget
281,Godart Akid
281,Judye Shopcott
281,Mirna Chasson
284,Georgena Abbotts
296,Kassia Purshouse
298,Bab Begbie
299,Nerta Jobbing
301,Patrica Gargett
304,Samuele Chorlton
304,Toni Parades
307,Griz Crombie
307,Shalne Harriday
313,Simonne Schwerin
313,Kaleena MacLoughlin
313,Lottie Vassano
314,Ettore Sewards
316,Deina Pietzner
317,Edd Sawrey
321,Delphinia Skeffington
323,Merissa Fittall
326,Gregg Dy
328,Nollie Vinsen
330,Chaim De la croix
330,Audry O'Hoey
331,Melli MacNeish
334,Olwen Baelde
336,Nichols Dealey
337,Margo Berrey
339,Horst Danilyuk
341,Pincas McGray
343,Bax Gamble
346,Suzy Avrahamy
347,Cale Normansell
348,Reuben Buzine
354,Georgie Reagan
359,Doy Shepheard
362,Bowie Grzelczak
364,Marianna McKinless
366,Odessa Mainds
368,Layne Hamlet
374,Alberik Tilzey
377,Berni Naughton
377,Nikolaus Devlin
378,Terri-jo Stacey
380,Michail Perigoe
380,Ronald Gantzer
384,Annamarie Purveys
384,Sophey Lemerle
393,Bili Casswell
395,Ranna Farnall
396,Wilek Peaddie
401,Jeniece Fareweather
401,Ezra McNeill
403,Emilee Broy
407,Randi Howland
408,Masha Lockhurst
411,Tadeas Axel
412,Jedidiah Runsey
413,Rana Foat
418,Ulrich Webburn
421,Libbie Ferrettino
425,Winifield Jouhandeau
425,Cale Halward
433,Felicia Ewbanke
436,Ikey Mallia
440,Maisie Frango
440,Pedro Sainsbury
444,Jon Bodleigh
444,Rickard Walhedd
445,Orson Peschmann
447,Bil Abrahams
447,Rivalee Kiossel
449,Moise Haine
450,Paula Boot
451,Basilius Arnald
453,Bil Kirsopp
454,Robinet Viney
454,Maire Gerson
456,Hamel Scanes
457,Francklin Troker
457,Darby Wein
458,Nicolle Hancke
459,Hadlee Mattingley
463,Liesa Hinrich
466,Lynde Feander
469,Anthia Bedwell
470,Livvy Ellingsworth
473,Dillon Cords
474,Wendy Zuanazzi
479,Hagan Korpolak
480,Sophey Prati
480,Cecilla Clemow
481,Dudley Espadate
482,Minnaminnie Triswell
482,Maddy Venes
484,Hyatt Corpe
489,Viole Barnardo
490,Zorine Spawton
493,Raynor Perassi
494,Lemar Pinar
499,Claribel Yoslowitz
504,Angel Shortan
505,Clemmy Cashman
506,Lanae Farnie
507,Cyrille Bream
508,Wilfrid Nellis
513,Benedick Gadie
513,Borg Gearing
514,Fredelia Judgkins
515,Kettie Lagde
515,Che Kaye
517,Melesa Blacksland
520,Verney Chart
522,Heddie Ludye
524,Peta Routh
527,Connor Reolfi
531,Moshe Whipp
532,Ursula Huzzay
534,Tiffani Learmonth
536,Stoddard Spyby
538,Goddart Loughnan
539,Suzanne Philpin
546,Aidan McLelland
549,Sigismondo Ghion
549,Susana Sedworth
550,Reese Childs
551,Reinold Ellacott
555,Conant Rodinger
566,Tally Hamon
567,Noella Renwick
568,Adelice Starmore
570,Wylma Sagg
574,Tan Digginson
576,Sallee Beardsall
577,Aarika Kacheler
579,Ceciley Pinwell
583,Gwenny Crouse
585,Genevra Shawcross
586,Billie Thomasson
588,Alexandra Aloshkin
589,Brit Gergus
591,Avram McKeady
596,Lorrie Twigg
600,Arvie Sprull
601,Marika Spoward
605,Jedd Thorbon
605,Mariellen Shovel
607,Delmar D'Alwis
608,Bartlet Deakin
609,Merla Baribal
612,Ellyn Stoppard
615,Huntley O' Clovan
617,Benetta Mayzes
620,Lora Agglio
628,Jolene Ethelston
632,Codie Livick
633,Niven Ladds
638,Eveline Gosdin
639,Betteann Foster-Smith
641,Korey Estcot
641,Leontine Esposita
643,Hilary Sherrum
645,Mile Sebborn
647,Kaspar Connichie
649,Dalston Ciotto
653,Lyndsay Furlow
657,Carmine Baythorp
659,Zachery Baily
662,Early Whittleton
663,Natasha McCreery
664,Petra Baitman
664,Tracie Kingwell
669,Kippy Thoday
676,Carlin De la Yglesia
677,Chad Ianilli
680,Morgan Wilcox
681,Arte Seeds
685,Barnett Blaver
686,Arvie Butlin
689,Janeva Henker
695,Timofei Shallcross
695,Zonnya Konzelmann
698,Fin Andriulis
702,Ellary Fasson
704,Ruddie Chaize
706,Farlee Varndall
707,Lucinda Giovanardi
710,Tiffi Rivett
714,Peri Bumby
714,Beryle Tuffey
715,Major Watsam
716,Erastus Praundl
717,Elbertine Blowen
718,Mercie Lightbowne
718,Gibby MacAulay
720,Iona Garr
721,Diahann Adams
721,Orelee Stratton
724,Zed Froggatt
724,Isacco Claque
726,Jenny Gritsunov
727,Ferdie Colliber
730,Worden Vowdon
730,Shawn Connelly
732,Jefferey Clewlow
733,Ashli Roots
736,Lorry McCoish
738,Tabor Garrand
741,Imogen Sharphurst
745,Lamar Flowerden
746,Abra Fenelow
748,Kara-lynn Dunford
752,Celka Saunter
752,Hieronymus Greengrass
756,Jarrid Cocking
756,Konstantin Curtoys
757,Jeanna Blaxton
759,Haroun Kingswell
775,Coretta Kyte
779,Baily Boxen
779,Claresta Sharvill
783,Karoly Cray
784,Jordan Iczokvitz
785,Panchito Drinkel
785,Leia Huxstep
801,Ammamaria Jollands
801,Morry Schwanden
806,Dasie Pauling
809,Felicle Corteney
816,Robin Savine
816,Goddard Beamiss
818,Valene Finci
821,Margalit Tanswill
822,Tomasina Quirke
825,Barthel Godney
826,Perren Spinello
840,Derrick Baggaley
845,Moise Pasek
850,Adham Ephson
851,Alfy Brehault
854,Sharai Fone
860,Jacquelynn Dumbrell
861,Tove Walhedd
866,Zola Carle
868,Adoree O'Doireidh
873,Lisa Peplaw
876,Anneliese Dearnly
879,Ibbie Gabbitus
881,Bamby Medeway
882,Jena Bartoshevich
882,Lesly Gosnoll
887,Kirstin Cassin
887,Etan Wrout
889,Shandie Slayton
889,Arlyne Fitzgerald
890,Mozelle Scogin
893,Helenelizabeth Rollings
897,Shermy Baldick
900,Abigail Filpo
900,Jewelle Hutchinson
904,Angelle Mapother
905,Alexis Krollman
908,Howey Ackroyd
919,Alexandra Pendergast
926,Vittoria Dannel
927,Bennett Oldknowe
931,Cornell Ellwood
932,Julee Garretts
933,Frasco Gabbitis
935,Cristiano Arpur
935,Bronson Luxen
944,Sherm Milley
947,Georas Greenwell
949,Carole Silvester
950,Justen Groomebridge
951,Dee dee Shallcross
951,Turner McLeod
952,Jerome Ortsmann
956,Alphonse Streater
961,Cecily Beazey
962,Jemmy Minchell
964,Ailis Boxhill
965,Jeramey Stilliard
965,Berri Bufton
966,Tabbatha Danbye
967,Lukas Calltone
968,Anton Goodhall
968,Chantal Drabble
971,Madel Antoney
971,Arline MacNeely
975,Raynell Raddon
977,Goldina Headon
978,Jedidiah Narey
984,Coretta Broader
985,Justinn Schnitter
986,Bel Crush
986,Jarid Yashnov
987,Barclay Sparhawk
987,Darby Gaythor
987,Agretha Ettritch
998,Giraldo Gillbe
999,Deonne Sharratt