Abatz,85,47,80,19
Agimba,83,2,21,16
Aibox,68,95,20,82
Avamba,3,96,10,79
Avaveo,4,14,77,38
Babbleblab,53,47,98,13
Babbleopia,76,13,71,51
Babbleset,93,56,86,55
Babblestorm,14,20,86,97
Blognation,61,32,19,97
Blogpad,20,27,78,97
Blogspan,61,12,65,16
Bluejam,40,50,73,23
Bluezoom,81,43,46,27
Brainbox,58,33,36,67
Brainlounge,15,99,13,15
Brainsphere,70,84,9,90
Brainverse,65,79,62,85
Brightdog,73,74,99,29
Browsecat,69,60,69,21
Browsedrive,36,56,94,32
Browsetype,7,24,83,15
Buzzbean,29,69,93,92
Buzzshare,10,57,13,33
Buzzster,34,58,71,95
Camimbo,52,65,59,9
Centidel,39,65,67,44
Centimia,13,57,18,47
Centizu,11,78,22,62
Chatterpoint,67,42,82,39
Cogibox,52,11,44,51
Cogidoo,53,54,42,56
Dabfeed,66,52,47,81
Dabjam,10,5,67,2
Dablist,26,32,23,55
Dabshots,53,29,58,3
Dabtype,96,92,26,54
DabZ,53,14,91,25
Dazzlesphere,48,45,40,16
Demimbu,63,92,60,64
Demivee,9,100,58,24
Devbug,15,19,78,80
Devpoint,15,96,72,31
Divavu,37,90,50,41
Dynabox,74,74,7,21
Dynava,37,43,20,56
Eadel,99,69,67,95
Eamia,30,72,4,58
Eare,96,1,24,43
Eazzy,15,14,87,100
Edgeclub,7,20,42,7
Edgepulse,8,15,26,65
Edgetag,59,32,34,87
Edgewire,48,34,15,84
Eidel,88,81,12,44
Eimbee,27,36,71,88
Einti,51,39,23,83
Fadeo,46,42,34,32
Fatz,40,98,43,28
Feedbug,80,4,47,66
Feedfire,22,80,16,33
Feedmix,70,86,59,86
Feednation,65,82,13,94
Fiveclub,100,76,5,97
Fivespan,41,16,19,21
Flashdog,75,28,6,19
Flashset,27,97,75,10
Flashspan,14,49,98,8
Fliptune,44,70,19,31
Gabspot,55,45,10,54
Gabtune,33,18,53,51
Gabtype,10,75,42,51
Gigabox,10,95,23,34
Gigashots,46,54,86,56
Gigazoom,49,100,37,12
Izio,71,17,49,97
Jabbersphere,57,73,16,80
Jabberstorm,69,31,64,20
Jabbertype,74,6,52,4
Jaloo,34,40,3,48
Jamia,31,77,51,56
Janyx,35,81,77,92
Jatri,13,5,30,88
Jaxspan,50,13,89,26
Jaxworks,98,82,99,83
Jayo,15,64,49,99
Jetpulse,27,12,87,65
Jetwire,75,61,44,25
JumpXS,30,31,54,55
Kamba,38,36,45,15
Kanoodle,11,85,96,19
Katz,3,62,12,76
Kaymbo,44,5,90,13
Kayveo,54,20,67,9
Kazu,68,95,27,16
Kimia,91,31,54,91
Kwilith,78,82,62,12
Kwimbee,87,85,68,1
Lajo,5,81,9,28
Lazz,60,78,93,17
Lazzy,70,90,32,9
Leexo,44,7,17,91
Linkbridge,85,30,39,94
Linkbuzz,26,80,88,39
Linklinks,25,81,7,39
Livefish,10,87,34,55
Livepath,20,23,70,62
Livetube,68,94,2,11
Meedoo,73,8,88,50
Meemm,94,17,16,92
Meetz,33,59,2,76
Meevee,20,82,71,8
Meeveo,73,78,99,4
Meezzy,59,21,94,1
Miboo,15,52,93,3
Midel,56,70,11,42
Minyx,45,32,57,47
Mudo,18,1,33,3
Muxo,66,73,43,83
Mybuzz,35,58,4,57
Mycat,36,74,54,27
Mynte,89,9,93,95
Myworks,13,54,70,29
Nlounge,94,18,99,99
Ntags,25,45,28,1
Oba,84,2,81,71
Oloo,84,96,83,48
Ooba,67,97,27,62
Oozz,68,39,67,81
Photobean,41,93,37,61
Photofeed,78,75,47,78
Photojam,23,70,60,2
Photospace,83,23,47,10
Pixoboo,18,81,48,42
Pixope,38,69,75,93
Plajo,44,42,29,49
Plambee,36,84,34,73
Podcat,49,47,26,12
Quamba,82,33,80,89
Quatz,66,13,41,27
Quaxo,72,36,10,62
Quimba,51,38,32,89
Quinu,46,55,100,90
Quire,86,32,39,53
Realblab,66,50,95,93
Realbridge,82,64,92,94
Realbuzz,18,85,46,85
Realcube,24,26,59,60
Realfire,85,80,66,79
Reallinks,50,18,68,78
Realmix,60,34,100,91
Rhybox,22,72,60,83
Rhycero,53,25,49,8
Rhyloo,17,63,31,23
Rhyzio,80,19,12,95
Riffpedia,71,71,84,77
Riffwire,82,98,5,61
Roombo,31,8,41,54
Roomm,92,83,25,73
Shufflebeat,27,94,33,23
Shuffledrive,50,47,10,87
Shuffletag,82,27,62,68
Skaboo,18,47,1,33
Skalith,49,65,72,46
Skiba,47,61,56,20
Skibox,78,7,49,82
Skilith,87,56,8,6
Skimia,80,58,8,69
Skinder,18,60,34,3
Skinix,63,13,77,54
Skinte,90,19,1,81
Skippad,29,51,89,22
Skipstorm,45,63,70,42
Skiptube,64,30,13,82
Skivee,87,57,4,11
Skyba,92,56,38,27
Skyble,38,58,3,68
Skyndu,4,68,53,74
Skynoodle,3,1,40,91
Skyvu,35,19,26,2
Snaptags,91,14,50,18
Tagcat,51,69,10,98
Tagchat,20,71,6,14
Tagfeed,63,74,94,57
Tagopia,21,32,68,96
Tagpad,72,86,96,17
Tagtune,20,78,85,84
Tambee,22,49,91,24
Tanoodle,57,68,8,24
Tavu,34,86,79,32
Tazz,33,42,28,85
Tazzy,9,62,55,13
Teklist,91,30,2,57
Thoughtblab,54,64,80,49
Thoughtbridge,91,36,60,8
Thoughtmix,25,45,22,18
Thoughtstorm,15,67,12,24
Thoughtworks,24,29,62,86
Topdrive,7,9,48,25
Topicblab,29,69,98,26
Topicstorm,27,36,76,49
Topicware,33,2,40,78
Topiczoom,24,30,68,12
Trilith,72,99,64,38
Trudoo,58,48,96,5
Trunyx,64,3,21,87
Trupe,11,51,74,31
Twimbo,13,41,83,36
Twimm,1,37,59,5
Twinder,41,13,12,63
Twinte,52,64,4,12
Twiyo,97,16,70,46
Vidoo,59,30,94,77
Vimbo,70,71,34,85
Vinder,80,37,28,35
Vinte,41,31,37,91
Voolia,9,92,23,83
Voomm,48,26,72,51
Voonder,80,40,10,50
Voonte,76,83,41,100
Voonyx,27,11,88,39
Wikibox,66,25,12,48
Wikido,53,54,73,67
Wikivu,18,40,96,76
Wikizz,13,65,82,98
Wordify,84,57,5,20
Wordpedia,99,91,82,75
Wordtune,62,12,26,50
Wordware,34,58,85,34
Yakidoo,71,11,36,2
Yakijo,69,4,37,33
Yakitri,41,44,45,94
Yambee,66,88,92,74
Yodel,79,93,37,81
Yodo,57,34,26,90
Yombu,67,11,24,94
Yotz,25,97,98,92
Youbridge,80,33,24,71
Youfeed,60,1,23,64
Youopia,55,49,35,22
Youtags,19,43,24,46
Zava,81,40,84,49
Zoombeat,76,61,32,49
Zoomcast,89,60,6,85
Zoomdog,5,23,44,88
Zoomlounge,56,93,57,90
Zoonoodle,53,3,98,86
Zooveo,94,21,44,49
Zoovu,50,73,34,31
Zooxo,82,44,81,22